"","Total de captures","Succès de pêche (poissons/j-p)","Masse moyenne(g)","Plan d'eau","Espèce","Année","Réserve/Parc","Secteur"
"1",27,"3.0","379","Advent, Lac","Omble de fontaine",2019,"Rouge-Matawin",NA
"2",2,"0.7",NA,"Armes, Lac D'","Omble de fontaine",2019,"Rouge-Matawin",NA
"3",76,"3.1","128","Aubinot, Lac","Omble de fontaine",2019,"Rouge-Matawin",NA
"4",102,"5.8","231","Audelin, Lac D'","Omble de fontaine",2019,"Rouge-Matawin",NA
"5",28,"7.0",NA,"Babiole, Ruisseau","Omble de fontaine",2019,"Rouge-Matawin",NA
"6",101,"5.9","137","Baies, Lac des","Omble de fontaine",2019,"Rouge-Matawin",NA
"7",1,"0.5",NA,"Baillon, Lac","Omble de fontaine",2019,"Rouge-Matawin",NA
"8",479,"2.5","182","Boulard, Lac","Omble de fontaine",2019,"Rouge-Matawin",NA
"9",15,"1.9","304","Bourasseau, Lac","Omble de fontaine",2019,"Rouge-Matawin",NA
"10",511,"4.6","185","Butte, Lac de la","Omble de fontaine",2019,"Rouge-Matawin",NA
"11",7,"8.5","71","Butte, Ruisseau de la","Omble de fontaine",2019,"Rouge-Matawin",NA
"12",70,"5.9","290","Castos, Lac","Omble de fontaine",2019,"Rouge-Matawin",NA
"13",42,"7.5","370","Cécilia, Lac","Omble de fontaine",2019,"Rouge-Matawin",NA
"14",14,"7.0","146","Chapelin, Lac","Omble de fontaine",2019,"Rouge-Matawin",NA
"15",37,"4.1","309","Chasy, Lac","Omble de fontaine",2019,"Rouge-Matawin",NA
"16",14,"1.6","448","Chavoy, Lac","Omble de fontaine",2019,"Rouge-Matawin",NA
"17",1093,"1.6","253","Cinq Doigts, Lac","Omble de fontaine",2019,"Rouge-Matawin",NA
"18",249,"2.1","189","Cirier, Lac","Omble de fontaine",2019,"Rouge-Matawin",NA
"19",127,"1.9","220","Coivrel, Lac","Omble de fontaine",2019,"Rouge-Matawin",NA
"20",35,"6.7","207","Côté, Lac","Omble de fontaine",2019,"Rouge-Matawin",NA
"21",4,"0.7","313","Danis, Lac","Omble de fontaine",2019,"Rouge-Matawin",NA
"22",6,"2.0","333","Davis, Lac","Omble de fontaine",2019,"Rouge-Matawin",NA
"23",35,"5.8","217","Davis, Petit lac","Omble de fontaine",2019,"Rouge-Matawin",NA
"24",244,"1.6","164","Dumbo, Lac","Omble de fontaine",2019,"Rouge-Matawin",NA
"25",2,"1.0",NA,"Éden, Lac","Omble de fontaine",2019,"Rouge-Matawin",NA
"26",42,"11.3","95","Élévation, Lac de l'","Omble de fontaine",2019,"Rouge-Matawin",NA
"27",84,"1.3","196","Fernand, Lac","Omble de fontaine",2019,"Rouge-Matawin",NA
"28",171,"5.0","123","Forbin, Lac","Omble de fontaine",2019,"Rouge-Matawin",NA
"29",132,"5.4","200","Fournet, Lac","Omble de fontaine",2019,"Rouge-Matawin",NA
"30",2,"2.0","227","French, Lac","Omble de fontaine",2019,"Rouge-Matawin",NA
"31",46,"4.9","162","French, Ruisseau","Omble de fontaine",2019,"Rouge-Matawin",NA
"32",101,"0.9","410","Froid, Lac","Omble de fontaine",2019,"Rouge-Matawin",NA
"33",40,"1.1","341","Froid, Petit lac","Omble de fontaine",2019,"Rouge-Matawin",NA
"34",112,"2.4","148","Froid, Ruisseau","Omble de fontaine",2019,"Rouge-Matawin",NA
"35",14,"7.0","121","Goblin GR et PT Lacs","Omble de fontaine",2019,"Rouge-Matawin",NA
"36",14,"0.4","502","Grandive, Lac","Omble de fontaine",2019,"Rouge-Matawin",NA
"37",768,"4.4","168","Grasmère, Lac","Omble de fontaine",2019,"Rouge-Matawin",NA
"38",60,"4.4","238","Greslon Rond, Lac","Omble de fontaine",2019,"Rouge-Matawin",NA
"39",14,"9.0","96","Gros Bec, Lac","Omble de fontaine",2019,"Rouge-Matawin",NA
"40",133,"3.5","240","Haute Terre, Lac de la","Omble de fontaine",2019,"Rouge-Matawin",NA
"41",16,"0.9","338","Héricy, Lac","Omble de fontaine",2019,"Rouge-Matawin",NA
"42",87,"2.7","206","Higginson, Lac","Omble de fontaine",2019,"Rouge-Matawin",NA
"43",14,"7.0",NA,"Higginson, Ruisseau","Omble de fontaine",2019,"Rouge-Matawin",NA
"44",48,"5.4","111","Hirondelle, Lac à l'","Omble de fontaine",2019,"Rouge-Matawin",NA
"45",39,"4.9","319","Hoyt, Lac","Omble de fontaine",2019,"Rouge-Matawin",NA
"46",8,"6.0","389","Jacques, Lac","Omble de fontaine",2019,"Rouge-Matawin",NA
"47",87,"2.0","158","Jamet, Rivière","Omble de fontaine",2019,"Rouge-Matawin",NA
"48",21,"2.1","357","Java, Étang","Omble de fontaine",2019,"Rouge-Matawin",NA
"49",70,"2.3","568","Jésuites, Lac des","Omble de fontaine",2019,"Rouge-Matawin",NA
"50",3,"2.0","400","Kendra, Lac","Omble de fontaine",2019,"Rouge-Matawin",NA
"51",73,"6.1","204","Lamanon, Lac","Omble de fontaine",2019,"Rouge-Matawin",NA
"52",12,"6.0","183","Lège, Lac","Omble de fontaine",2019,"Rouge-Matawin",NA
"53",68,"1.1","287","Lenoir, Lac","Omble de fontaine",2019,"Rouge-Matawin",NA
"54",74,"3.5","190","Lenoir, Rivière","Omble de fontaine",2019,"Rouge-Matawin",NA
"55",90,"1.8","85","Macaza, Rivière","Omble de fontaine",2019,"Rouge-Matawin",NA
"56",221,"2.4","155","Mandin, Lac","Omble de fontaine",2019,"Rouge-Matawin",NA
"57",14,"7.0","179","Mazet, Lac","Omble de fontaine",2019,"Rouge-Matawin",NA
"58",293,"2.6","189","McIntyre, Lac","Omble de fontaine",2019,"Rouge-Matawin",NA
"59",27,"2.2","371","McIntyre, Petit lac","Omble de fontaine",2019,"Rouge-Matawin",NA
"60",184,"2.7","326","McRae, Lac","Omble de fontaine",2019,"Rouge-Matawin",NA
"61",9,"4.5","194","Métru, Lac","Omble de fontaine",2019,"Rouge-Matawin",NA
"62",191,"2.1","207","Moranger, Lac","Omble de fontaine",2019,"Rouge-Matawin",NA
"63",78,"2.8","107","Ninville, Lac","Omble de fontaine",2019,"Rouge-Matawin",NA
"64",14,"1.6","256","Pantin, Lac","Omble de fontaine",2019,"Rouge-Matawin",NA
"65",10,"5.0","148","Parement, Lac","Omble de fontaine",2019,"Rouge-Matawin",NA
"66",7,"3.5","143","Pécody, Lac","Omble de fontaine",2019,"Rouge-Matawin",NA
"67",16,"2.5","212","Proche, Lac","Omble de fontaine",2019,"Rouge-Matawin",NA
"68",1,"0.5","300","Quartz, Lac du","Omble de fontaine",2019,"Rouge-Matawin",NA
"69",36,"1.5","458","Raemer, Lac","Omble de fontaine",2019,"Rouge-Matawin",NA
"70",7,"1.8","629","Ramage, Lac","Omble de fontaine",2019,"Rouge-Matawin",NA
"71",7,"1.8","114","Rat Musqué, Lac du","Omble de fontaine",2019,"Rouge-Matawin",NA
"72",13,"8.5","279","Renaud, Lac","Omble de fontaine",2019,"Rouge-Matawin",NA
"73",12,"0.4","226","Rouge, Rivière","Omble de fontaine",2019,"Rouge-Matawin",NA
"74",17,"2.8","266","Ruter, Lac","Omble de fontaine",2019,"Rouge-Matawin",NA
"75",25,"4.5","92","Savanne, Ruisseau","Omble de fontaine",2019,"Rouge-Matawin",NA
"76",79,"1.4","151","Saxel, Lac","Omble de fontaine",2019,"Rouge-Matawin",NA
"77",141,"2.8","176","Sheship, Lac","Omble de fontaine",2019,"Rouge-Matawin",NA
"78",52,"1.5","276","Svastika, Lac","Omble de fontaine",2019,"Rouge-Matawin",NA
"79",14,"3.5","307","Tittlit, Lac","Omble de fontaine",2019,"Rouge-Matawin",NA
"80",49,"2.9","269","Travecy, Lac","Omble de fontaine",2019,"Rouge-Matawin",NA
"81",15,"1.6","303","Troie, Lac","Omble de fontaine",2019,"Rouge-Matawin",NA
"82",452,"5.7","114","Verneuil, Lac","Omble de fontaine",2019,"Rouge-Matawin",NA
"83",279,"3.3","198","Vitart, Lac","Omble de fontaine",2019,"Rouge-Matawin",NA
"84",14,"9.5","171","Zéro, Lac","Omble de fontaine",2019,"Rouge-Matawin",NA
"85",41,"1.1","2334","Antique, Lac","Grand Brochet",2019,"Rouge-Matawin",NA
"86",8,"4.5",NA,"Attrape, Lac de l'","Grand Brochet",2019,"Rouge-Matawin",NA
"87",50,"1.4","1948","Baie des Dix Milles","Grand Brochet",2019,"Rouge-Matawin",NA
"88",81,"1.6","1787","Baie du Bois Vert","Grand Brochet",2019,"Rouge-Matawin",NA
"89",39,"3.4","2350","Bambi, Lac","Grand Brochet",2019,"Rouge-Matawin",NA
"90",42,"4.0","1790","Briseval, Lac","Grand Brochet",2019,"Rouge-Matawin",NA
"91",43,"2.6","2139","Brochet, Lac au","Grand Brochet",2019,"Rouge-Matawin",NA
"92",3,"0.4","3000","Catudal, Lac","Grand Brochet",2019,"Rouge-Matawin",NA
"93",27,"6.7","1146","Cazo, Lac","Grand Brochet",2019,"Rouge-Matawin",NA
"94",37,"2.4","1500","Chaland, Lac du Petit","Grand Brochet",2019,"Rouge-Matawin",NA
"95",7,"6.0","2286","Chargé, Lac","Grand Brochet",2019,"Rouge-Matawin",NA
"96",5,"2.5","1080","Cholet, Lac","Grand Brochet",2019,"Rouge-Matawin",NA
"97",2,"0.5","5650","Chouteau, Lac","Grand Brochet",2019,"Rouge-Matawin",NA
"98",8,"1.6","2138","Coin, Lac en","Grand Brochet",2019,"Rouge-Matawin",NA
"99",44,"3.6","2403","Cordeau, Lac","Grand Brochet",2019,"Rouge-Matawin",NA
"100",35,"5.6","2352","Daulé, Lac","Grand Brochet",2019,"Rouge-Matawin",NA
"101",5,"1.5","1900","Dispan, Lac","Grand Brochet",2019,"Rouge-Matawin",NA
"102",22,"2.7","1611","Donsil, Lac","Grand Brochet",2019,"Rouge-Matawin",NA
"103",5,"0.3","1578","Écuyer, Lac","Grand Brochet",2019,"Rouge-Matawin",NA
"104",6,"0.9","1912","Escalier, Lac","Grand Brochet",2019,"Rouge-Matawin",NA
"105",4,"2.8","2050","Flay, Lac","Grand Brochet",2019,"Rouge-Matawin",NA
"106",1,"0.5","2200","Frances, Lac","Grand Brochet",2019,"Rouge-Matawin",NA
"107",8,"5.8","1793","Gadiou, Lac","Grand Brochet",2019,"Rouge-Matawin",NA
"108",85,"2.2","1796","Gate, Lac","Grand Brochet",2019,"Rouge-Matawin",NA
"109",38,"0.5","2509","Gesseron Hardinge, Lacs","Grand Brochet",2019,"Rouge-Matawin",NA
"110",2,"1.0","1000","Grand Mère, Lac","Grand Brochet",2019,"Rouge-Matawin",NA
"111",6,"0.7","700","Héripel, Lac","Grand Brochet",2019,"Rouge-Matawin",NA
"112",83,"0.9","1053","Jamet, Lac","Grand Brochet",2019,"Rouge-Matawin",NA
"113",1,"0.1",NA,"Jamet, Rivière","Grand Brochet",2019,"Rouge-Matawin",NA
"114",28,"0.2","2486","Laverdière, Lac","Grand Brochet",2019,"Rouge-Matawin",NA
"115",64,"0.6","1470","Legendre, Lac","Grand Brochet",2019,"Rouge-Matawin",NA
"116",1,"4.0","2000","Leslie, Lac","Grand Brochet",2019,"Rouge-Matawin",NA
"117",35,"2.9","1724","Libeau Nord, Lac","Grand Brochet",2019,"Rouge-Matawin",NA
"118",35,"1.5","1835","Libeau Sud, Lac","Grand Brochet",2019,"Rouge-Matawin",NA
"119",11,"3.5","2145","Lournand, Lac","Grand Brochet",2019,"Rouge-Matawin",NA
"120",4,"1.5","1618","Lumina, Lac","Grand Brochet",2019,"Rouge-Matawin",NA
"121",1,"0.2","1800","Macaza, Rivière","Grand Brochet",2019,"Rouge-Matawin",NA
"122",37,"4.6","1340","Marsais, Lac","Grand Brochet",2019,"Rouge-Matawin",NA
"123",54,"1.5","2643","Matawin, Lac","Grand Brochet",2019,"Rouge-Matawin",NA
"124",77,"1.1","1835","Matawin, Rivière","Grand Brochet",2019,"Rouge-Matawin",NA
"125",1,"0.5","2500","Molleur, Lac","Grand Brochet",2019,"Rouge-Matawin",NA
"126",21,"2.3","1054","Montagnac, Lac","Grand Brochet",2019,"Rouge-Matawin",NA
"127",23,"1.6","2517","Mosquic, Lac","Grand Brochet",2019,"Rouge-Matawin",NA
"128",15,"3.5","1089","Mosquic, Petit lac","Grand Brochet",2019,"Rouge-Matawin",NA
"129",9,"2.1","2116","Muloin, Jouan, Gabot,","Grand Brochet",2019,"Rouge-Matawin",NA
"130",2,"0.7","2720","Nauteau, Lac","Grand Brochet",2019,"Rouge-Matawin",NA
"131",70,"2.3","2493","Odelin, Lac","Grand Brochet",2019,"Rouge-Matawin",NA
"132",11,"6.7","2303","Passe, Lac La","Grand Brochet",2019,"Rouge-Matawin",NA
"133",1,"1.0",NA,"Payen, Lac","Grand Brochet",2019,"Rouge-Matawin",NA
"134",12,"2.3","2007","Pechina, Lac","Grand Brochet",2019,"Rouge-Matawin",NA
"135",59,"1.7","1980","Pierron, Lac","Grand Brochet",2019,"Rouge-Matawin",NA
"136",5,"2.3",NA,"Pion, Lac","Grand Brochet",2019,"Rouge-Matawin",NA
"137",8,"4.0","1758","Prèle, Lac à la","Grand Brochet",2019,"Rouge-Matawin",NA
"138",26,"8.1","1093","Regnard, Lac","Grand Brochet",2019,"Rouge-Matawin",NA
"139",23,"0.2","883","Rouge Grand et Petit","Grand Brochet",2019,"Rouge-Matawin",NA
"140",8,"0.2","1680","Rouge, Rivière","Grand Brochet",2019,"Rouge-Matawin",NA
"141",31,"0.2","1488","Sapin, Lac","Grand Brochet",2019,"Rouge-Matawin",NA
"142",5,"0.6","720","Sarnia, Lac","Grand Brochet",2019,"Rouge-Matawin",NA
"143",35,"5.7","1051","Sault, Lac du","Grand Brochet",2019,"Rouge-Matawin",NA
"144",11,"4.5","1700","Serent, Lac","Grand Brochet",2019,"Rouge-Matawin",NA
"145",15,"0.5","855","Sucreries, Lac des","Grand Brochet",2019,"Rouge-Matawin",NA
"146",6,"6.4","544","Tavery, Lac","Grand Brochet",2019,"Rouge-Matawin",NA
"147",1,"0.3","1360","Tisson Gr et Pt lacs","Grand Brochet",2019,"Rouge-Matawin",NA
"148",32,"0.7","1657","Tobie, Lac","Grand Brochet",2019,"Rouge-Matawin",NA
"149",7,"0.9","1458","Tourvion grand et petit","Grand Brochet",2019,"Rouge-Matawin",NA
"150",4,"2.0",NA,"Trilla, Lac","Grand Brochet",2019,"Rouge-Matawin",NA
"151",24,"5.0","1913","Turbal, Lac","Grand Brochet",2019,"Rouge-Matawin",NA
"152",4,"3.0",NA,"Valade, Lac","Grand Brochet",2019,"Rouge-Matawin",NA
"153",42,"0.4","1193","Willard, Lac","Grand Brochet",2019,"Rouge-Matawin",NA
"154",20,"3.9","1546","Yvelain, Lac","Grand Brochet",2019,"Rouge-Matawin",NA
"155",10,"0.8","1180","Cordeau, Lac","Doré Jaune",2019,"Rouge-Matawin",NA
"156",4,"0.1","879","Écuyer, Lac","Doré Jaune",2019,"Rouge-Matawin",NA
"157",74,"1.8","714","Gate, Lac","Doré Jaune",2019,"Rouge-Matawin",NA
"158",19,"1.2","376","Héripel, Lac","Doré Jaune",2019,"Rouge-Matawin",NA
"159",179,"1.3","674","Jamet, Lac","Doré Jaune",2019,"Rouge-Matawin",NA
"160",155,"0.7","763","Laverdière, Lac","Doré Jaune",2019,"Rouge-Matawin",NA
"161",3,"0.1","680","Macaza, Rivière","Doré Jaune",2019,"Rouge-Matawin",NA
"162",149,"2.9","635","Pierron, Lac","Doré Jaune",2019,"Rouge-Matawin",NA
"163",107,"1.1","619","Rouge Grand et Petit","Doré Jaune",2019,"Rouge-Matawin",NA
"164",22,"0.7","591","Rouge, Rivière","Doré Jaune",2019,"Rouge-Matawin",NA
"165",48,"0.3","793","Sapin, Lac","Doré Jaune",2019,"Rouge-Matawin",NA
"166",27,"1.3","504","Sarnia, Lac","Doré Jaune",2019,"Rouge-Matawin",NA
"167",15,"0.1","935","Sucreries, Lac des","Doré Jaune",2019,"Rouge-Matawin",NA
"168",5,"0.5","1400","Tobie, Lac","Doré Jaune",2019,"Rouge-Matawin",NA
"169",12,"0.2","1240","Froid, Lac","Touladi",2019,"Rouge-Matawin",NA
"170",22,"0.9","813","Froid, Petit lac","Touladi",2019,"Rouge-Matawin",NA
"171",44,"0.9","743","Grandive, Lac","Touladi",2019,"Rouge-Matawin",NA
"172",44,"0.8","690","Lenoir, Lac","Touladi",2019,"Rouge-Matawin",NA
"173",14,"0.4","2017","Raimbault, Lac","Touladi",2019,"Rouge-Matawin",NA
"174",13,"0.1","1275","Rouge Grand et Petit","Touladi",2019,"Rouge-Matawin",NA
"175",29,"1.0","985","Svastika, Lac","Touladi",2019,"Rouge-Matawin",NA
"176",4,"0.0","1393","Willard, Lac","Touladi",2019,"Rouge-Matawin",NA
"177",82,"0.4","958","Laverdière, Lac","Achigan à petite bouche",2019,"Rouge-Matawin",NA
"178",26,"0.3","517","Sapin, Lac","Achigan à petite bouche",2019,"Rouge-Matawin",NA
"179",23,"0.6","44","Antique, Lac","Perchaude",2019,"Rouge-Matawin",NA
"180",28,"0.5","57","Baie des Dix Milles","Perchaude",2019,"Rouge-Matawin",NA
"181",41,"0.7","97","Baie du Bois Vert","Perchaude",2019,"Rouge-Matawin",NA
"182",2,"0.1","288","Briseval, Lac","Perchaude",2019,"Rouge-Matawin",NA
"183",13,"0.4","157","Brochet, Lac au","Perchaude",2019,"Rouge-Matawin",NA
"184",1,"0.3","300","Catudal, Lac","Perchaude",2019,"Rouge-Matawin",NA
"185",6,"0.4",NA,"Chaland, Lac du Petit","Perchaude",2019,"Rouge-Matawin",NA
"186",5,"0.7","160","Cordeau, Lac","Perchaude",2019,"Rouge-Matawin",NA
"187",2,"0.4",NA,"Donsil, Lac","Perchaude",2019,"Rouge-Matawin",NA
"188",5,"2.5","404","Flay, Lac","Perchaude",2019,"Rouge-Matawin",NA
"189",23,"0.5","153","Gate, Lac","Perchaude",2019,"Rouge-Matawin",NA
"190",7,"0.1","275","Gesseron Hardinge, Lacs","Perchaude",2019,"Rouge-Matawin",NA
"191",6,"3.0","83","Latour, Lac","Perchaude",2019,"Rouge-Matawin",NA
"192",21,"0.1","217","Laverdière, Lac","Perchaude",2019,"Rouge-Matawin",NA
"193",1,"0.3",NA,"Lecanteur, Lac","Perchaude",2019,"Rouge-Matawin",NA
"194",20,"4.1","107","Marsais, Lac","Perchaude",2019,"Rouge-Matawin",NA
"195",17,"0.4",NA,"Matawin, Lac","Perchaude",2019,"Rouge-Matawin",NA
"196",14,"0.4","169","Matawin, Rivière","Perchaude",2019,"Rouge-Matawin",NA
"197",82,"4.5","186","Montagnac, Lac","Perchaude",2019,"Rouge-Matawin",NA
"198",1,"1.7","450","Mosquic, Lac","Perchaude",2019,"Rouge-Matawin",NA
"199",17,"0.6","205","Odelin, Lac","Perchaude",2019,"Rouge-Matawin",NA
"200",3,"0.1","500","Pierron, Lac","Perchaude",2019,"Rouge-Matawin",NA
"201",2,"0.1","450","Regnard, Lac","Perchaude",2019,"Rouge-Matawin",NA
"202",12,"0.2","262","Sapin, Lac","Perchaude",2019,"Rouge-Matawin",NA
"203",1,"0.3",NA,"Serent, Lac","Perchaude",2019,"Rouge-Matawin",NA
"204",14,"0.5","100","Sucreries, Lac des","Perchaude",2019,"Rouge-Matawin",NA
"205",2,"0.3",NA,"Tisson Gr et Pt lacs","Perchaude",2019,"Rouge-Matawin",NA
"206",9,"0.2","242","Tobie, Lac","Perchaude",2019,"Rouge-Matawin",NA
"207",4,"0.4",NA,"Tourvion grand et petit","Perchaude",2019,"Rouge-Matawin",NA
"208",5,"0.6","90","Yvelain, Lac","Perchaude",2019,"Rouge-Matawin",NA
"209",23,"2.6","381","Advent, Lac","Omble de fontaine",2020,"Rouge-Matawin",NA
"210",53,"2.1","160","Aubinot, Lac","Omble de fontaine",2020,"Rouge-Matawin",NA
"211",47,"4.6","314","Audelin, Lac D'","Omble de fontaine",2020,"Rouge-Matawin",NA
"212",63,"5.3","194","Baies, Lac des","Omble de fontaine",2020,"Rouge-Matawin",NA
"213",670,"3.5","230","Boulard, Lac","Omble de fontaine",2020,"Rouge-Matawin",NA
"214",16,"1.6","304","Bourasseau, Lac","Omble de fontaine",2020,"Rouge-Matawin",NA
"215",427,"5.6","170","Butte, Lac de la","Omble de fontaine",2020,"Rouge-Matawin",NA
"216",4,"4.0","63","Butte, Ruisseau de la","Omble de fontaine",2020,"Rouge-Matawin",NA
"217",39,"1.5","173","Castos, Lac","Omble de fontaine",2020,"Rouge-Matawin",NA
"218",38,"4.2","333","Cécilia, Lac","Omble de fontaine",2020,"Rouge-Matawin",NA
"219",7,"7.0","161","Charal, Lac","Omble de fontaine",2020,"Rouge-Matawin",NA
"220",33,"2.2","388","Chasy, Lac","Omble de fontaine",2020,"Rouge-Matawin",NA
"221",1195,"1.6","248","Cinq Doigts, Lac","Omble de fontaine",2020,"Rouge-Matawin",NA
"222",222,"3.5","202","Cirier, Lac","Omble de fontaine",2020,"Rouge-Matawin",NA
"223",194,"2.6","227","Coivrel, Lac","Omble de fontaine",2020,"Rouge-Matawin",NA
"224",35,"7.0","100","Côté, Lac","Omble de fontaine",2020,"Rouge-Matawin",NA
"225",14,"7.0","321","Davis, Lac","Omble de fontaine",2020,"Rouge-Matawin",NA
"226",27,"5.8","238","Davis, Petit lac","Omble de fontaine",2020,"Rouge-Matawin",NA
"227",249,"1.3","189","Dumbo, Lac","Omble de fontaine",2020,"Rouge-Matawin",NA
"228",49,"7.0","226","Élévation, Lac de l'","Omble de fontaine",2020,"Rouge-Matawin",NA
"229",133,"3.2","209","Fernand, Lac","Omble de fontaine",2020,"Rouge-Matawin",NA
"230",74,"4.0","144","Forbin, Lac","Omble de fontaine",2020,"Rouge-Matawin",NA
"231",209,"6.0","261","Fournet, Lac","Omble de fontaine",2020,"Rouge-Matawin",NA
"232",7,"3.5","389","French, Lac","Omble de fontaine",2020,"Rouge-Matawin",NA
"233",19,"5.8","301","French, Ruisseau","Omble de fontaine",2020,"Rouge-Matawin",NA
"234",85,"1.0","562","Froid, Lac","Omble de fontaine",2020,"Rouge-Matawin",NA
"235",26,"1.4","260","Froid, Petit lac","Omble de fontaine",2020,"Rouge-Matawin",NA
"236",131,"2.3","140","Froid, Ruisseau","Omble de fontaine",2020,"Rouge-Matawin",NA
"237",11,"3.7","144","Glen, Lac","Omble de fontaine",2020,"Rouge-Matawin",NA
"238",31,"5.2","89","Goblin GR et PT Lacs","Omble de fontaine",2020,"Rouge-Matawin",NA
"239",6,"0.1","606","Grandive, Lac","Omble de fontaine",2020,"Rouge-Matawin",NA
"240",733,"5.6","176","Grasmère, Lac","Omble de fontaine",2020,"Rouge-Matawin",NA
"241",46,"2.0","271","Greslon Rond, Lac","Omble de fontaine",2020,"Rouge-Matawin",NA
"242",41,"6.8","71","Gros Bec, Lac","Omble de fontaine",2020,"Rouge-Matawin",NA
"243",98,"1.9","447","Haute Terre, Lac de la","Omble de fontaine",2020,"Rouge-Matawin",NA
"244",1,"0.5","220","Héricy, Lac","Omble de fontaine",2020,"Rouge-Matawin",NA
"245",5,"1.3","55","Hermival, Lac","Omble de fontaine",2020,"Rouge-Matawin",NA
"246",39,"3.0","311","Higginson, Lac","Omble de fontaine",2020,"Rouge-Matawin",NA
"247",26,"3.7","77","Higginson, Ruisseau","Omble de fontaine",2020,"Rouge-Matawin",NA
"248",19,"3.8","150","Hirondelle, Lac à l'","Omble de fontaine",2020,"Rouge-Matawin",NA
"249",109,"4.0","249","Hoyt, Lac","Omble de fontaine",2020,"Rouge-Matawin",NA
"250",149,"3.2","321","Jacques, Lac","Omble de fontaine",2020,"Rouge-Matawin",NA
"251",107,"1.8","153","Jamet, Rivière","Omble de fontaine",2020,"Rouge-Matawin",NA
"252",21,"2.6","514","Java, Étang","Omble de fontaine",2020,"Rouge-Matawin",NA
"253",28,"1.3","646","Jésuites, Lac des","Omble de fontaine",2020,"Rouge-Matawin",NA
"254",163,"2.5","189","Journet, Lac","Omble de fontaine",2020,"Rouge-Matawin",NA
"255",84,"6.5","156","Lamanon, Lac","Omble de fontaine",2020,"Rouge-Matawin",NA
"256",37,"1.0","247","Lenoir, Lac","Omble de fontaine",2020,"Rouge-Matawin",NA
"257",111,"3.7","145","Lenoir, Rivière","Omble de fontaine",2020,"Rouge-Matawin",NA
"258",92,"1.9","70","Macaza, Rivière","Omble de fontaine",2020,"Rouge-Matawin",NA
"259",2,"0.0","188","Matawin, Rivière","Omble de fontaine",2020,"Rouge-Matawin",NA
"260",197,"1.9","297","McIntyre, Lac","Omble de fontaine",2020,"Rouge-Matawin",NA
"261",249,"5.1","149","McIntyre, Petit lac","Omble de fontaine",2020,"Rouge-Matawin",NA
"262",57,"1.1","334","McRae, Lac","Omble de fontaine",2020,"Rouge-Matawin",NA
"263",553,"3.3","194","Moranger, Lac","Omble de fontaine",2020,"Rouge-Matawin",NA
"264",21,"3.0","269","Pantin, Lac","Omble de fontaine",2020,"Rouge-Matawin",NA
"265",1,"0.5","250","Parement, Lac","Omble de fontaine",2020,"Rouge-Matawin",NA
"266",6,"0.4","227","Proche, Lac","Omble de fontaine",2020,"Rouge-Matawin",NA
"267",2,"0.5","225","Protégé, Lac","Omble de fontaine",2020,"Rouge-Matawin",NA
"268",49,"2.8","514","Raemer, Lac","Omble de fontaine",2020,"Rouge-Matawin",NA
"269",12,"4.0","208","Renaud, Lac","Omble de fontaine",2020,"Rouge-Matawin",NA
"270",6,"0.2","230","Rouge, Rivière","Omble de fontaine",2020,"Rouge-Matawin",NA
"271",98,"5.9","256","Ruter, Lac","Omble de fontaine",2020,"Rouge-Matawin",NA
"272",28,"4.0","129","Savanne, Ruisseau","Omble de fontaine",2020,"Rouge-Matawin",NA
"273",63,"1.0","228","Saxel, Lac","Omble de fontaine",2020,"Rouge-Matawin",NA
"274",4,"1.3","398","Seu, Lac","Omble de fontaine",2020,"Rouge-Matawin",NA
"275",154,"4.1","167","Sheship, Lac","Omble de fontaine",2020,"Rouge-Matawin",NA
"276",19,"0.9","362","Svastika, Lac","Omble de fontaine",2020,"Rouge-Matawin",NA
"277",28,"7.0","258","Tittlit, Lac","Omble de fontaine",2020,"Rouge-Matawin",NA
"278",77,"4.6","285","Travecy, Lac","Omble de fontaine",2020,"Rouge-Matawin",NA
"279",21,"1.5","457","Troie, Lac","Omble de fontaine",2020,"Rouge-Matawin",NA
"280",436,"5.3","118","Verneuil, Lac","Omble de fontaine",2020,"Rouge-Matawin",NA
"281",203,"2.9","212","Vitart, Lac","Omble de fontaine",2020,"Rouge-Matawin",NA
"282",14,"7.0","207","Zéro, Lac","Omble de fontaine",2020,"Rouge-Matawin",NA
"283",6,"0.3","2793","Antique, Lac","Grand Brochet",2020,"Rouge-Matawin",NA
"284",16,"3.2","1738","Baie aux Rats","Grand Brochet",2020,"Rouge-Matawin",NA
"285",23,"0.9","1804","Baie des Dix Milles Nord","Grand Brochet",2020,"Rouge-Matawin",NA
"286",17,"1.7","1261","Baie des Dix Milles Sud","Grand Brochet",2020,"Rouge-Matawin",NA
"287",64,"2.1","2193","Baie du Bois Vert","Grand Brochet",2020,"Rouge-Matawin",NA
"288",27,"1.9","2543","Bambi, Lac","Grand Brochet",2020,"Rouge-Matawin",NA
"289",8,"4.0","1250","Bonnefons, Lac","Grand Brochet",2020,"Rouge-Matawin",NA
"290",30,"2.3","1685","Briseval, Lac","Grand Brochet",2020,"Rouge-Matawin",NA
"291",36,"2.5","1484","Brochet, Lac au","Grand Brochet",2020,"Rouge-Matawin",NA
"292",5,"2.5","636","Chala, Lac","Grand Brochet",2020,"Rouge-Matawin",NA
"293",34,"2.4","1486","Chaland, Lac du Petit","Grand Brochet",2020,"Rouge-Matawin",NA
"294",9,"4.3","1616","Chargé, Lac","Grand Brochet",2020,"Rouge-Matawin",NA
"295",13,"2.6","1854","Coin, Lac en","Grand Brochet",2020,"Rouge-Matawin",NA
"296",1,"1.0","2270","Comox, Lac","Grand Brochet",2020,"Rouge-Matawin",NA
"297",21,"6.4","3250","Cordeau, Lac","Grand Brochet",2020,"Rouge-Matawin",NA
"298",4,"0.5",NA,"Culotte, Lac","Grand Brochet",2020,"Rouge-Matawin",NA
"299",34,"5.1","1565","Daulé, Lac","Grand Brochet",2020,"Rouge-Matawin",NA
"300",2,"0.2",NA,"Dispan, Lac","Grand Brochet",2020,"Rouge-Matawin",NA
"301",17,"1.6","1917","Donsil, Lac","Grand Brochet",2020,"Rouge-Matawin",NA
"302",2,"0.5",NA,"Éclisses, Lac des","Grand Brochet",2020,"Rouge-Matawin",NA
"303",2,"0.2","1360","Écuyer, Lac","Grand Brochet",2020,"Rouge-Matawin",NA
"304",6,"1.8","1750","Escalier, Lac","Grand Brochet",2020,"Rouge-Matawin",NA
"305",20,"1.9","2133","Gadiou, Lac","Grand Brochet",2020,"Rouge-Matawin",NA
"306",64,"1.6","1527","Gate, Lac","Grand Brochet",2020,"Rouge-Matawin",NA
"307",29,"0.4","2107","Gesseron Hardinge, Lacs","Grand Brochet",2020,"Rouge-Matawin",NA
"308",1,"0.5","1000","Grand Mère, Lac","Grand Brochet",2020,"Rouge-Matawin",NA
"309",5,"2.5","1904","Harel, Lac","Grand Brochet",2020,"Rouge-Matawin",NA
"310",100,"0.8","1008","Jamet, Lac","Grand Brochet",2020,"Rouge-Matawin",NA
"311",12,"4.0","795","Kaki, Lac","Grand Brochet",2020,"Rouge-Matawin",NA
"312",39,"0.3","2340","Laverdière, Lac","Grand Brochet",2020,"Rouge-Matawin",NA
"313",49,"1.0","1381","Legendre, Lac","Grand Brochet",2020,"Rouge-Matawin",NA
"314",7,"3.5","1361","Leslie, Lac","Grand Brochet",2020,"Rouge-Matawin",NA
"315",17,"1.5","1635","Libeau Nord, Lac","Grand Brochet",2020,"Rouge-Matawin",NA
"316",46,"3.6","1496","Libeau Sud, Lac","Grand Brochet",2020,"Rouge-Matawin",NA
"317",4,"1.2","1588","Lournand, Lac","Grand Brochet",2020,"Rouge-Matawin",NA
"318",16,"4.0","1750","Lozet, Lac","Grand Brochet",2020,"Rouge-Matawin",NA
"319",5,"1.0",NA,"Lumina, Lac","Grand Brochet",2020,"Rouge-Matawin",NA
"320",2,"0.1","1350","Macaza, Rivière","Grand Brochet",2020,"Rouge-Matawin",NA
"321",22,"3.6","1380","Marsais, Lac","Grand Brochet",2020,"Rouge-Matawin",NA
"322",35,"1.9","2534","Matawin, Lac","Grand Brochet",2020,"Rouge-Matawin",NA
"323",106,"1.0","1388","Matawin, Rivière","Grand Brochet",2020,"Rouge-Matawin",NA
"324",14,"1.4","2234","Mestiger, Lac","Grand Brochet",2020,"Rouge-Matawin",NA
"325",19,"0.9","3418","Mosquic, Lac","Grand Brochet",2020,"Rouge-Matawin",NA
"326",16,"4.0","1700","Mosquic, Petit lac","Grand Brochet",2020,"Rouge-Matawin",NA
"327",17,"2.8","2022","Muloin, Jouan, Gabot,","Grand Brochet",2020,"Rouge-Matawin",NA
"328",2,"0.5",NA,"Noulette, Lac","Grand Brochet",2020,"Rouge-Matawin",NA
"329",69,"2.1","2124","Odelin, Lac","Grand Brochet",2020,"Rouge-Matawin",NA
"330",16,"3.6","1899","Passe, Lac La","Grand Brochet",2020,"Rouge-Matawin",NA
"331",36,"2.6","2031","Pechina, Lac","Grand Brochet",2020,"Rouge-Matawin",NA
"332",85,"1.9","2291","Pierron, Lac","Grand Brochet",2020,"Rouge-Matawin",NA
"333",2,"0.1","4920","Raimbault, Lac","Grand Brochet",2020,"Rouge-Matawin",NA
"334",4,"1.4","1688","Regas, Lac","Grand Brochet",2020,"Rouge-Matawin",NA
"335",28,"6.2","966","Regnard, Lac","Grand Brochet",2020,"Rouge-Matawin",NA
"336",23,"0.3","1433","Rouge Grand et Petit","Grand Brochet",2020,"Rouge-Matawin",NA
"337",3,"0.0","1000","Rouge, Rivière","Grand Brochet",2020,"Rouge-Matawin",NA
"338",21,"0.3","1350","Sapin, Lac","Grand Brochet",2020,"Rouge-Matawin",NA
"339",5,"0.5","1067","Sarnia, Lac","Grand Brochet",2020,"Rouge-Matawin",NA
"340",38,"3.4","1953","Sault, Lac du","Grand Brochet",2020,"Rouge-Matawin",NA
"341",8,"4.5","1928","Seal, Lac","Grand Brochet",2020,"Rouge-Matawin",NA
"342",20,"4.5","1449","Serent, Lac","Grand Brochet",2020,"Rouge-Matawin",NA
"343",30,"1.3","938","Sucreries, Lac des","Grand Brochet",2020,"Rouge-Matawin",NA
"344",15,"1.5","1082","Tavery, Lac","Grand Brochet",2020,"Rouge-Matawin",NA
"345",19,"2.2","1715","Tobie, Lac","Grand Brochet",2020,"Rouge-Matawin",NA
"346",19,"1.5","1850","Tourvion grand et petit","Grand Brochet",2020,"Rouge-Matawin",NA
"347",18,"2.6","2066","Turbal, Lac","Grand Brochet",2020,"Rouge-Matawin",NA
"348",4,"1.3","1020","Valade, Lac","Grand Brochet",2020,"Rouge-Matawin",NA
"349",16,"0.4","1202","Willard, Lac","Grand Brochet",2020,"Rouge-Matawin",NA
"350",9,"2.4","1726","Yvelain, Lac","Grand Brochet",2020,"Rouge-Matawin",NA
"351",1,"0.1",NA,"Brochet, Lac au","Doré Jaune",2020,"Rouge-Matawin",NA
"352",10,"2.9","802","Cordeau, Lac","Doré Jaune",2020,"Rouge-Matawin",NA
"353",1,"0.0","800","Écuyer, Lac","Doré Jaune",2020,"Rouge-Matawin",NA
"354",57,"1.5","764","Gate, Lac","Doré Jaune",2020,"Rouge-Matawin",NA
"355",12,"0.7","500","Héripel, Lac","Doré Jaune",2020,"Rouge-Matawin",NA
"356",199,"1.4","672","Jamet, Lac","Doré Jaune",2020,"Rouge-Matawin",NA
"357",147,"0.7","814","Laverdière, Lac","Doré Jaune",2020,"Rouge-Matawin",NA
"358",1,"0.1","900","Lumina, Lac","Doré Jaune",2020,"Rouge-Matawin",NA
"359",4,"0.1","907","Macaza, Rivière","Doré Jaune",2020,"Rouge-Matawin",NA
"360",148,"2.9","713","Pierron, Lac","Doré Jaune",2020,"Rouge-Matawin",NA
"361",89,"1.1","592","Rouge Grand et Petit","Doré Jaune",2020,"Rouge-Matawin",NA
"362",15,"0.2","519","Rouge, Rivière","Doré Jaune",2020,"Rouge-Matawin",NA
"363",30,"0.4","686","Sapin, Lac","Doré Jaune",2020,"Rouge-Matawin",NA
"364",27,"2.0","511","Sarnia, Lac","Doré Jaune",2020,"Rouge-Matawin",NA
"365",6,"0.2","638","Sucreries, Lac des","Doré Jaune",2020,"Rouge-Matawin",NA
"366",11,"1.7","850","Tobie, Lac","Doré Jaune",2020,"Rouge-Matawin",NA
"367",1,"0.0",NA,"Willard, Lac","Doré Jaune",2020,"Rouge-Matawin",NA
"368",7,"0.1","1198","Froid, Lac","Touladi",2020,"Rouge-Matawin",NA
"369",13,"0.8","732","Froid, Petit lac","Touladi",2020,"Rouge-Matawin",NA
"370",31,"0.8","798","Grandive, Lac","Touladi",2020,"Rouge-Matawin",NA
"371",30,"0.8","635","Lenoir, Lac","Touladi",2020,"Rouge-Matawin",NA
"372",9,"0.3","1804","Raimbault, Lac","Touladi",2020,"Rouge-Matawin",NA
"373",2,"0.0",NA,"Rouge Grand et Petit","Touladi",2020,"Rouge-Matawin",NA
"374",9,"0.4","857","Svastika, Lac","Touladi",2020,"Rouge-Matawin",NA
"375",5,"0.1","1814","Willard, Lac","Touladi",2020,"Rouge-Matawin",NA
"376",105,"0.6","984","Laverdière, Lac","Achigan à petite bouche",2020,"Rouge-Matawin",NA
"377",23,"0.4","794","Sapin, Lac","Achigan à petite bouche",2020,"Rouge-Matawin",NA
"378",1,"0.2",NA,"Antique, Lac","Perchaude",2020,"Rouge-Matawin",NA
"379",30,"1.3","121","Baie des Dix Milles Nord","Perchaude",2020,"Rouge-Matawin",NA
"380",2,"0.1",NA,"Baie des Dix Milles Sud","Perchaude",2020,"Rouge-Matawin",NA
"381",18,"0.9","81","Baie du Bois Vert","Perchaude",2020,"Rouge-Matawin",NA
"382",2,"0.4","125","Bambi, Lac","Perchaude",2020,"Rouge-Matawin",NA
"383",2,"0.3","195","Chaland, Lac du Petit","Perchaude",2020,"Rouge-Matawin",NA
"384",3,"3.0",NA,"Comox, Lac","Perchaude",2020,"Rouge-Matawin",NA
"385",1,"0.1",NA,"Donsil, Lac","Perchaude",2020,"Rouge-Matawin",NA
"386",3,"0.3","140","Gadiou, Lac","Perchaude",2020,"Rouge-Matawin",NA
"387",17,"0.4","125","Gate, Lac","Perchaude",2020,"Rouge-Matawin",NA
"388",9,"0.5","67","Gesseron Hardinge, Lacs","Perchaude",2020,"Rouge-Matawin",NA
"389",11,"0.1","196","Laverdière, Lac","Perchaude",2020,"Rouge-Matawin",NA
"390",1,"0.2","226","Libeau Nord, Lac","Perchaude",2020,"Rouge-Matawin",NA
"391",1,"0.2","340","Libeau Sud, Lac","Perchaude",2020,"Rouge-Matawin",NA
"392",4,"0.8","227","Lournand, Lac","Perchaude",2020,"Rouge-Matawin",NA
"393",14,"0.3","164","Macaza, Rivière","Perchaude",2020,"Rouge-Matawin",NA
"394",7,"0.4",NA,"Matawin, Lac","Perchaude",2020,"Rouge-Matawin",NA
"395",15,"0.2","55","Matawin, Rivière","Perchaude",2020,"Rouge-Matawin",NA
"396",1,"0.0","450","Mosquic, Lac","Perchaude",2020,"Rouge-Matawin",NA
"397",16,"1.0","164","Odelin, Lac","Perchaude",2020,"Rouge-Matawin",NA
"398",2,"0.2",NA,"Pierron, Lac","Perchaude",2020,"Rouge-Matawin",NA
"399",16,"2.8","194","Regnard, Lac","Perchaude",2020,"Rouge-Matawin",NA
"400",18,"0.4","125","Sapin, Lac","Perchaude",2020,"Rouge-Matawin",NA
"401",1,"0.3",NA,"Sault, Lac du","Perchaude",2020,"Rouge-Matawin",NA
"402",3,"0.4","150","Savanne, Ruisseau","Perchaude",2020,"Rouge-Matawin",NA
"403",10,"0.9","333","Sucreries, Lac des","Perchaude",2020,"Rouge-Matawin",NA
"404",11,"3.1",NA,"Tobie, Lac","Perchaude",2020,"Rouge-Matawin",NA
"405",1,"0.0","50","Tourvion grand et petit","Perchaude",2020,"Rouge-Matawin",NA
"406",4,"0.6","313","Turbal, Lac","Perchaude",2020,"Rouge-Matawin",NA
"407",1,"0.2","300","Yvelain, Lac","Perchaude",2020,"Rouge-Matawin",NA
"408",33,"2.1","319","Advent, Lac","Omble de fontaine",2021,"Rouge-Matawin",NA
"409",41,"2.9","190","Armes, Lac D'","Omble de fontaine",2021,"Rouge-Matawin",NA
"410",68,"2.3","149","Aubinot, Lac","Omble de fontaine",2021,"Rouge-Matawin",NA
"411",68,"2.9","311","Audelin, Lac D'","Omble de fontaine",2021,"Rouge-Matawin",NA
"412",4,"1.3",NA,"Augeron, Lac","Omble de fontaine",2021,"Rouge-Matawin",NA
"413",5,"5.0","136","Babiole, Ruisseau","Omble de fontaine",2021,"Rouge-Matawin",NA
"414",77,"5.9","119","Baies, Lac des","Omble de fontaine",2021,"Rouge-Matawin",NA
"415",240,"1.3","227","Boulard, Lac","Omble de fontaine",2021,"Rouge-Matawin",NA
"416",57,"4.4","286","Bourasseau, Lac","Omble de fontaine",2021,"Rouge-Matawin",NA
"417",456,"4.2","184","Butte, Lac de la","Omble de fontaine",2021,"Rouge-Matawin",NA
"418",27,"4.5","61","Butte, Ruisseau de la","Omble de fontaine",2021,"Rouge-Matawin",NA
"419",48,"4.8","140","Castos, Lac","Omble de fontaine",2021,"Rouge-Matawin",NA
"420",3,"1.5","400","Castos, Petit lac","Omble de fontaine",2021,"Rouge-Matawin",NA
"421",29,"4.8","294","Cécilia, Lac","Omble de fontaine",2021,"Rouge-Matawin",NA
"422",28,"5.6","96","Charal, Lac","Omble de fontaine",2021,"Rouge-Matawin",NA
"423",3,"1.5","300","Charlie, Lac","Omble de fontaine",2021,"Rouge-Matawin",NA
"424",13,"0.8","358","Chasy, Lac","Omble de fontaine",2021,"Rouge-Matawin",NA
"425",1123,"1.1","278","Cinq Doigts, Lac","Omble de fontaine",2021,"Rouge-Matawin",NA
"426",291,"2.7","168","Cirier, Lac","Omble de fontaine",2021,"Rouge-Matawin",NA
"427",32,"1.1","226","Coivrel, Lac","Omble de fontaine",2021,"Rouge-Matawin",NA
"428",42,"6.0","179","Côté, Lac","Omble de fontaine",2021,"Rouge-Matawin",NA
"429",7,"3.5","181","Courset, Lac","Omble de fontaine",2021,"Rouge-Matawin",NA
"430",32,"3.6","275","Davis, Lac","Omble de fontaine",2021,"Rouge-Matawin",NA
"431",38,"6.3","206","Davis, Petit lac","Omble de fontaine",2021,"Rouge-Matawin",NA
"432",348,"1.6","174","Dumbo, Lac","Omble de fontaine",2021,"Rouge-Matawin",NA
"433",6,"2.0",NA,"Éden, Lac","Omble de fontaine",2021,"Rouge-Matawin",NA
"434",49,"8.4","101","Élévation, Lac de l'","Omble de fontaine",2021,"Rouge-Matawin",NA
"435",53,"1.0","189","Fernand, Lac","Omble de fontaine",2021,"Rouge-Matawin",NA
"436",87,"3.9","145","Forbin, Lac","Omble de fontaine",2021,"Rouge-Matawin",NA
"437",87,"5.8","379","Fournet, Lac","Omble de fontaine",2021,"Rouge-Matawin",NA
"438",19,"2.9","392","French, Lac","Omble de fontaine",2021,"Rouge-Matawin",NA
"439",22,"2.4","105","French, Ruisseau","Omble de fontaine",2021,"Rouge-Matawin",NA
"440",72,"0.7","537","Froid, Lac","Omble de fontaine",2021,"Rouge-Matawin",NA
"441",18,"0.6","401","Froid, Petit lac","Omble de fontaine",2021,"Rouge-Matawin",NA
"442",189,"2.7","192","Froid, Ruisseau","Omble de fontaine",2021,"Rouge-Matawin",NA
"443",21,"2.6","124","Georgiana, Lac","Omble de fontaine",2021,"Rouge-Matawin",NA
"444",19,"2.7","95","Glen, Lac","Omble de fontaine",2021,"Rouge-Matawin",NA
"445",2,"1.5","281","Goblin GR et PT Lacs","Omble de fontaine",2021,"Rouge-Matawin",NA
"446",1,"0.0","500","Grandive, Lac","Omble de fontaine",2021,"Rouge-Matawin",NA
"447",2,"1.0","450","Granite, Lac du","Omble de fontaine",2021,"Rouge-Matawin",NA
"448",660,"4.7","238","Grasmère, Lac","Omble de fontaine",2021,"Rouge-Matawin",NA
"449",116,"4.3","222","Greslon Rond, Lac","Omble de fontaine",2021,"Rouge-Matawin",NA
"450",114,"4.1","253","Haute Terre, Lac de la","Omble de fontaine",2021,"Rouge-Matawin",NA
"451",199,"2.9","214","Higginson, Lac","Omble de fontaine",2021,"Rouge-Matawin",NA
"452",4,"1.3",NA,"Higginson, Ruisseau","Omble de fontaine",2021,"Rouge-Matawin",NA
"453",31,"4.6","132","Hirondelle, Lac à l'","Omble de fontaine",2021,"Rouge-Matawin",NA
"454",88,"2.9","297","Hoyt, Lac","Omble de fontaine",2021,"Rouge-Matawin",NA
"455",133,"2.7","351","Jacques, Lac","Omble de fontaine",2021,"Rouge-Matawin",NA
"456",95,"1.7","115","Jamet, Rivière","Omble de fontaine",2021,"Rouge-Matawin",NA
"457",15,"2.1","464","Java, Étang","Omble de fontaine",2021,"Rouge-Matawin",NA
"458",44,"2.4","687","Jésuites, Lac des","Omble de fontaine",2021,"Rouge-Matawin",NA
"459",48,"2.3","330","Kendra, Lac","Omble de fontaine",2021,"Rouge-Matawin",NA
"460",53,"4.1","157","Lamanon, Lac","Omble de fontaine",2021,"Rouge-Matawin",NA
"461",8,"4.5","412","Larobel, Lac","Omble de fontaine",2021,"Rouge-Matawin",NA
"462",1,"1.0","113","Lège, Lac","Omble de fontaine",2021,"Rouge-Matawin",NA
"463",107,"2.3","216","Lenoir, Lac","Omble de fontaine",2021,"Rouge-Matawin",NA
"464",129,"3.0","207","Lenoir, Rivière","Omble de fontaine",2021,"Rouge-Matawin",NA
"465",15,"3.8","142","Loucé, Lac","Omble de fontaine",2021,"Rouge-Matawin",NA
"466",41,"1.4","106","Macaza, Rivière","Omble de fontaine",2021,"Rouge-Matawin",NA
"467",107,"2.0","171","Mandin, Lac","Omble de fontaine",2021,"Rouge-Matawin",NA
"468",5,"0.0","197","Matawin, Rivière","Omble de fontaine",2021,"Rouge-Matawin",NA
"469",313,"2.0","222","McIntyre, Lac","Omble de fontaine",2021,"Rouge-Matawin",NA
"470",59,"2.8","273","McIntyre, Petit lac","Omble de fontaine",2021,"Rouge-Matawin",NA
"471",77,"1.8","231","McRae, Lac","Omble de fontaine",2021,"Rouge-Matawin",NA
"472",9,"2.3","111","Morancé, Lac","Omble de fontaine",2021,"Rouge-Matawin",NA
"473",300,"2.2","190","Moranger, Lac","Omble de fontaine",2021,"Rouge-Matawin",NA
"474",27,"3.9","298","Ninville, Lac","Omble de fontaine",2021,"Rouge-Matawin",NA
"475",23,"5.8","265","Pantin, Lac","Omble de fontaine",2021,"Rouge-Matawin",NA
"476",6,"3.0","83","Parement, Lac","Omble de fontaine",2021,"Rouge-Matawin",NA
"477",34,"5.7","143","Pécody, Lac","Omble de fontaine",2021,"Rouge-Matawin",NA
"478",9,"3.0",NA,"Pouze, Lac","Omble de fontaine",2021,"Rouge-Matawin",NA
"479",3,"3.0","113","Proche, Lac","Omble de fontaine",2021,"Rouge-Matawin",NA
"480",1,"0.3","750","Quartz, Lac du","Omble de fontaine",2021,"Rouge-Matawin",NA
"481",321,"3.7","333","Racine, Lac","Omble de fontaine",2021,"Rouge-Matawin",NA
"482",44,"1.0","466","Raemer, Lac","Omble de fontaine",2021,"Rouge-Matawin",NA
"483",18,"0.4","233","Rouge, Rivière","Omble de fontaine",2021,"Rouge-Matawin",NA
"484",57,"2.6","274","Ruter, Lac","Omble de fontaine",2021,"Rouge-Matawin",NA
"485",14,"7.0","49","Savanne, Ruisseau","Omble de fontaine",2021,"Rouge-Matawin",NA
"486",132,"1.9","241","Saxel, Lac","Omble de fontaine",2021,"Rouge-Matawin",NA
"487",120,"3.0","136","Sheship, Lac","Omble de fontaine",2021,"Rouge-Matawin",NA
"488",71,"1.7","394","Svastika, Lac","Omble de fontaine",2021,"Rouge-Matawin",NA
"489",8,"4.0","313","Tassin, Lac","Omble de fontaine",2021,"Rouge-Matawin",NA
"490",70,"4.4","187","Tittlit, Lac","Omble de fontaine",2021,"Rouge-Matawin",NA
"491",65,"3.7","294","Travecy, Lac","Omble de fontaine",2021,"Rouge-Matawin",NA
"492",8,"1.0","680","Troie, Lac","Omble de fontaine",2021,"Rouge-Matawin",NA
"493",2,"2.0",NA,"Valtrie, Lac","Omble de fontaine",2021,"Rouge-Matawin",NA
"494",328,"4.6","120","Verneuil, Lac","Omble de fontaine",2021,"Rouge-Matawin",NA
"495",111,"2.0","251","Vitart, Lac","Omble de fontaine",2021,"Rouge-Matawin",NA
"496",46,"6.6","182","Zéro, Lac","Omble de fontaine",2021,"Rouge-Matawin",NA
"497",10,"0.6","2944","Antique, Lac","Grand Brochet",2021,"Rouge-Matawin",NA
"498",16,"0.9","1577","Baie des Dix Milles Nord","Grand Brochet",2021,"Rouge-Matawin",NA
"499",17,"4.8","1766","Baie des Dix Milles Sud","Grand Brochet",2021,"Rouge-Matawin",NA
"500",92,"2.3","1695","Baie du Bois Vert","Grand Brochet",2021,"Rouge-Matawin",NA
"501",13,"2.0","1877","Bambi, Lac","Grand Brochet",2021,"Rouge-Matawin",NA
"502",20,"4.0","1135","Bonnefons, Lac","Grand Brochet",2021,"Rouge-Matawin",NA
"503",42,"1.3","1474","Brochet, Lac au","Grand Brochet",2021,"Rouge-Matawin",NA
"504",1,"0.1","2270","Catudal, Lac","Grand Brochet",2021,"Rouge-Matawin",NA
"505",24,"2.8","1112","Cazo, Lac","Grand Brochet",2021,"Rouge-Matawin",NA
"506",34,"1.6","1376","Chaland, Lac du Petit","Grand Brochet",2021,"Rouge-Matawin",NA
"507",7,"2.8","1150","Chargé, Lac","Grand Brochet",2021,"Rouge-Matawin",NA
"508",23,"3.8","2130","Coin, Lac en","Grand Brochet",2021,"Rouge-Matawin",NA
"509",1,"3.3","2000","Comox, Lac","Grand Brochet",2021,"Rouge-Matawin",NA
"510",39,"3.7","1421","Cordeau, Lac","Grand Brochet",2021,"Rouge-Matawin",NA
"511",1,"0.2","680","Danay, Lac","Grand Brochet",2021,"Rouge-Matawin",NA
"512",1,"1.4","907","Daulé, Lac","Grand Brochet",2021,"Rouge-Matawin",NA
"513",3,"0.7","3217","Dispan, Lac","Grand Brochet",2021,"Rouge-Matawin",NA
"514",14,"4.5","2088","Donsil, Lac","Grand Brochet",2021,"Rouge-Matawin",NA
"515",3,"7.7",NA,"Éclisses, Lac des","Grand Brochet",2021,"Rouge-Matawin",NA
"516",7,"0.9","1339","Écuyer, Lac","Grand Brochet",2021,"Rouge-Matawin",NA
"517",4,"0.6","1563","Escalier, Lac","Grand Brochet",2021,"Rouge-Matawin",NA
"518",7,"3.5","2214","Escalier, Petit lac","Grand Brochet",2021,"Rouge-Matawin",NA
"519",2,"4.3","2265","Gadiou, Lac","Grand Brochet",2021,"Rouge-Matawin",NA
"520",48,"2.0","1803","Gate, Lac","Grand Brochet",2021,"Rouge-Matawin",NA
"521",19,"0.3","2655","Gesseron Hardinge, Lacs","Grand Brochet",2021,"Rouge-Matawin",NA
"522",5,"2.0",NA,"Ginson, Lac","Grand Brochet",2021,"Rouge-Matawin",NA
"523",2,"1.0","500","Grand Mère, Lac","Grand Brochet",2021,"Rouge-Matawin",NA
"524",2,"0.8","565","Héripel, Lac","Grand Brochet",2021,"Rouge-Matawin",NA
"525",22,"0.5","1396","Jamet, Lac","Grand Brochet",2021,"Rouge-Matawin",NA
"526",4,"0.1",NA,"Jamet, Rivière","Grand Brochet",2021,"Rouge-Matawin",NA
"527",1,"4.0","1360","Kaki, Lac","Grand Brochet",2021,"Rouge-Matawin",NA
"528",42,"0.2","1979","Laverdière, Lac","Grand Brochet",2021,"Rouge-Matawin",NA
"529",74,"0.8","1439","Legendre, Lac","Grand Brochet",2021,"Rouge-Matawin",NA
"530",21,"3.2","1426","Libeau Nord, Lac","Grand Brochet",2021,"Rouge-Matawin",NA
"531",36,"1.5","1642","Libeau Sud, Lac","Grand Brochet",2021,"Rouge-Matawin",NA
"532",9,"2.2","1464","Lournand, Lac","Grand Brochet",2021,"Rouge-Matawin",NA
"533",1,"0.5","1810","Lozet, Lac","Grand Brochet",2021,"Rouge-Matawin",NA
"534",5,"3.5","636","Lucé, Lac","Grand Brochet",2021,"Rouge-Matawin",NA
"535",8,"1.9","904","Lumina, Lac","Grand Brochet",2021,"Rouge-Matawin",NA
"536",7,"0.2","2367","Macaza, Rivière","Grand Brochet",2021,"Rouge-Matawin",NA
"537",19,"2.7","1308","Marsais, Lac","Grand Brochet",2021,"Rouge-Matawin",NA
"538",33,"1.2","2583","Matawin, Lac","Grand Brochet",2021,"Rouge-Matawin",NA
"539",163,"1.2","1895","Matawin, Rivière","Grand Brochet",2021,"Rouge-Matawin",NA
"540",2,"0.2","3865","Molleur, Lac","Grand Brochet",2021,"Rouge-Matawin",NA
"541",7,"3.3","910","Montagnac, Lac","Grand Brochet",2021,"Rouge-Matawin",NA
"542",33,"1.8","3042","Mosquic, Lac","Grand Brochet",2021,"Rouge-Matawin",NA
"543",10,"7.7","1167","Mosquic, Petit lac","Grand Brochet",2021,"Rouge-Matawin",NA
"544",13,"2.6","1918","Muloin, Jouan, Gabot,","Grand Brochet",2021,"Rouge-Matawin",NA
"545",3,"0.3","1967","Noulette, Lac","Grand Brochet",2021,"Rouge-Matawin",NA
"546",51,"2.2","2390","Odelin, Lac","Grand Brochet",2021,"Rouge-Matawin",NA
"547",8,"2.7","2045","Passe, Lac La","Grand Brochet",2021,"Rouge-Matawin",NA
"548",29,"3.3","1788","Pechina, Lac","Grand Brochet",2021,"Rouge-Matawin",NA
"549",88,"2.2","2042","Pierron, Lac","Grand Brochet",2021,"Rouge-Matawin",NA
"550",27,"5.2","1100","Regnard, Lac","Grand Brochet",2021,"Rouge-Matawin",NA
"551",18,"0.5","1082","Rouge Grand et Petit","Grand Brochet",2021,"Rouge-Matawin",NA
"552",3,"0.1","1327","Rouge, Rivière","Grand Brochet",2021,"Rouge-Matawin",NA
"553",17,"0.2","1361","Sapin, Lac","Grand Brochet",2021,"Rouge-Matawin",NA
"554",11,"0.8","695","Sarnia, Lac","Grand Brochet",2021,"Rouge-Matawin",NA
"555",24,"3.4","1266","Sault, Lac du","Grand Brochet",2021,"Rouge-Matawin",NA
"556",6,"2.7","1888","Seal, Lac","Grand Brochet",2021,"Rouge-Matawin",NA
"557",14,"3.6","1356","Serent, Lac","Grand Brochet",2021,"Rouge-Matawin",NA
"558",1,"7.0","1600","Siret, Lac","Grand Brochet",2021,"Rouge-Matawin",NA
"559",26,"1.8","802","Sucreries, Lac des","Grand Brochet",2021,"Rouge-Matawin",NA
"560",1,"5.2","1000","Tavery, Lac","Grand Brochet",2021,"Rouge-Matawin",NA
"561",9,"0.9","2244","Tobie, Lac","Grand Brochet",2021,"Rouge-Matawin",NA
"562",20,"1.6","1882","Tourvion grand et petit","Grand Brochet",2021,"Rouge-Matawin",NA
"563",16,"4.0","1863","Turbal, Lac","Grand Brochet",2021,"Rouge-Matawin",NA
"564",8,"1.6","1067","Valade, Lac","Grand Brochet",2021,"Rouge-Matawin",NA
"565",31,"0.7","949","Willard, Lac","Grand Brochet",2021,"Rouge-Matawin",NA
"566",8,"2.5","1938","Yvelain, Lac","Grand Brochet",2021,"Rouge-Matawin",NA
"567",1,"0.1",NA,"Brochet, Lac au","Doré Jaune",2021,"Rouge-Matawin",NA
"568",8,"0.4","820","Cordeau, Lac","Doré Jaune",2021,"Rouge-Matawin",NA
"569",73,"1.4","706","Gate, Lac","Doré Jaune",2021,"Rouge-Matawin",NA
"570",21,"2.3","925","Héripel, Lac","Doré Jaune",2021,"Rouge-Matawin",NA
"571",179,"1.3","598","Jamet, Lac","Doré Jaune",2021,"Rouge-Matawin",NA
"572",121,"0.6","654","Laverdière, Lac","Doré Jaune",2021,"Rouge-Matawin",NA
"573",3,"0.6","680","Lumina, Lac","Doré Jaune",2021,"Rouge-Matawin",NA
"574",1,"0.1","676","Macaza, Rivière","Doré Jaune",2021,"Rouge-Matawin",NA
"575",169,"2.8","754","Pierron, Lac","Doré Jaune",2021,"Rouge-Matawin",NA
"576",45,"0.7","603","Rouge Grand et Petit","Doré Jaune",2021,"Rouge-Matawin",NA
"577",23,"0.6","597","Rouge, Rivière","Doré Jaune",2021,"Rouge-Matawin",NA
"578",46,"0.3","715","Sapin, Lac","Doré Jaune",2021,"Rouge-Matawin",NA
"579",30,"1.3","570","Sarnia, Lac","Doré Jaune",2021,"Rouge-Matawin",NA
"580",5,"0.2","900","Sucreries, Lac des","Doré Jaune",2021,"Rouge-Matawin",NA
"581",17,"1.9","518","Tobie, Lac","Doré Jaune",2021,"Rouge-Matawin",NA
"582",13,"0.1","1137","Froid, Lac","Touladi",2021,"Rouge-Matawin",NA
"583",24,"1.2","962","Froid, Petit lac","Touladi",2021,"Rouge-Matawin",NA
"584",15,"0.6","744","Grandive, Lac","Touladi",2021,"Rouge-Matawin",NA
"585",27,"0.7","566","Lenoir, Lac","Touladi",2021,"Rouge-Matawin",NA
"586",25,"0.5","1137","Raimbault, Lac","Touladi",2021,"Rouge-Matawin",NA
"587",8,"0.1","1571","Rouge Grand et Petit","Touladi",2021,"Rouge-Matawin",NA
"588",25,"0.7","882","Svastika, Lac","Touladi",2021,"Rouge-Matawin",NA
"589",9,"0.1","1044","Willard, Lac","Touladi",2021,"Rouge-Matawin",NA
"590",104,"0.8","854","Laverdière, Lac","Achigan à petite bouche",2021,"Rouge-Matawin",NA
"591",1,"0.0","200","Macaza, Rivière","Achigan à petite bouche",2021,"Rouge-Matawin",NA
"592",19,"0.3","756","Sapin, Lac","Achigan à petite bouche",2021,"Rouge-Matawin",NA
"593",1,"0.0",NA,"Sucreries, Lac des","Achigan à petite bouche",2021,"Rouge-Matawin",NA
"594",21,"2.0","249","Antique, Lac","Perchaude",2021,"Rouge-Matawin",NA
"595",3,"0.1",NA,"Baie des Dix Milles Nord","Perchaude",2021,"Rouge-Matawin",NA
"596",9,"0.1","190","Baie du Bois Vert","Perchaude",2021,"Rouge-Matawin",NA
"597",3,"3.0",NA,"Baies, Ruisseau des","Perchaude",2021,"Rouge-Matawin",NA
"598",23,"0.8","133","Brochet, Lac au","Perchaude",2021,"Rouge-Matawin",NA
"599",5,"0.5","140","Catudal, Lac","Perchaude",2021,"Rouge-Matawin",NA
"600",4,"0.3","313","Cazo, Lac","Perchaude",2021,"Rouge-Matawin",NA
"601",5,"0.5","150","Chaland, Lac du Petit","Perchaude",2021,"Rouge-Matawin",NA
"602",1,"0.5","150","Cordeau, Lac","Perchaude",2021,"Rouge-Matawin",NA
"603",2,"0.3",NA,"Dispan, Lac","Perchaude",2021,"Rouge-Matawin",NA
"604",6,"0.4","250","Gate, Lac","Perchaude",2021,"Rouge-Matawin",NA
"605",12,"0.6","333","Gesseron Hardinge, Lacs","Perchaude",2021,"Rouge-Matawin",NA
"606",6,"3.0",NA,"Jurlain, Lac","Perchaude",2021,"Rouge-Matawin",NA
"607",16,"0.1","306","Laverdière, Lac","Perchaude",2021,"Rouge-Matawin",NA
"608",5,"0.2",NA,"Libeau Sud, Lac","Perchaude",2021,"Rouge-Matawin",NA
"609",23,"0.9",NA,"Macaza, Rivière","Perchaude",2021,"Rouge-Matawin",NA
"610",18,"0.9","187","Marsais, Lac","Perchaude",2021,"Rouge-Matawin",NA
"611",27,"0.3","162","Matawin, Rivière","Perchaude",2021,"Rouge-Matawin",NA
"612",6,"0.7","453","Montagnac, Lac","Perchaude",2021,"Rouge-Matawin",NA
"613",12,"1.0","160","Mosquic, Lac","Perchaude",2021,"Rouge-Matawin",NA
"614",91,"3.1","320","Odelin, Lac","Perchaude",2021,"Rouge-Matawin",NA
"615",4,"0.0","403","Pierron, Lac","Perchaude",2021,"Rouge-Matawin",NA
"616",1,"0.1","100","Regnard, Lac","Perchaude",2021,"Rouge-Matawin",NA
"617",25,"0.2","222","Sapin, Lac","Perchaude",2021,"Rouge-Matawin",NA
"618",2,"0.3","230","Serent, Lac","Perchaude",2021,"Rouge-Matawin",NA
"619",15,"0.5","176","Sucreries, Lac des","Perchaude",2021,"Rouge-Matawin",NA
"620",1,"1.0",NA,"Tisson Gr et Pt lacs","Perchaude",2021,"Rouge-Matawin",NA
"621",3,"0.8","333","Turbal, Lac","Perchaude",2021,"Rouge-Matawin",NA
